,Date,Open,High,Low,Close,Adj Close,Volume,selected_call_strike,call_price_at_open,selected_put_strike,put_price_at_open,call_price_at_close,put_price_at_close,collar_cost,collar_payoff,collar_pnl
5535,2023-01-03,384.369995,386.429993,377.829987,380.820007,372.754303,74850700,388.0,0.3593,380.0,0.3822,0.0,0.0,0.022899999999999976,0.0,-0.022899999999999976
5536,2023-01-04,383.179993,385.880005,380.0,383.76001,375.63205,85934100,386.0,0.6944,380.0,0.6862,0.0,0.0,-0.008199999999999985,0.0,0.008199999999999985
5537,2023-01-05,381.720001,381.839996,378.76001,379.380005,371.344727,76970500,384.0,0.6643,379.0,0.6794,0.0,0.0,0.015100000000000002,0.0,-0.015100000000000002
5538,2023-01-06,382.609985,389.25,379.410004,388.079987,379.860474,104189600,385.0,0.9246,380.0,0.9394,3.079987000000017,0.0,0.014800000000000035,-3.079987000000017,-3.094787000000017
5539,2023-01-09,390.369995,393.700012,387.670013,387.859985,379.645142,73978100,394.0,0.2425,386.0,0.2382,0.0,0.0,-0.004299999999999998,0.0,0.004299999999999998
5540,2023-01-10,387.25,390.649994,386.269989,390.579987,382.307495,65358100,391.0,0.355,383.0,0.3186,0.0,0.0,-0.03639999999999999,0.0,0.03639999999999999
5541,2023-01-11,392.230011,395.600006,391.380005,395.519989,387.142883,68881100,389.0,3.71,396.0,3.7087,6.51998900000001,0.4800109999999904,-0.0013000000000000789,-6.039978000000019,-6.038678000000019
5542,2023-01-12,396.670013,398.48999,392.420013,396.959991,388.552429,90157700,400.0,0.8219,393.0,0.7608,0.0,0.0,-0.06109999999999993,0.0,0.06109999999999993
5543,2023-01-13,393.619995,399.100006,393.339996,398.5,390.059753,63903900,397.0,0.3804,390.0,0.3811,1.5,0.0,0.0006999999999999784,-1.5,-1.5007
5544,2023-01-17,398.480011,400.230011,397.059998,397.769989,389.345276,62677300,400.0,0.6547,397.0,0.645,0.0,0.0,-0.009699999999999931,0.0,0.009699999999999931
5545,2023-01-18,399.01001,400.119995,391.279999,391.48999,383.198273,99632300,400.0,0.7815,398.0,0.7932,0.0,6.5100100000000225,0.011700000000000044,6.5100100000000225,6.498310000000022
5546,2023-01-19,389.359985,391.079987,387.26001,388.640015,380.40863,86958900,393.0,0.285,385.0,0.2898,0.0,0.0,0.0048000000000000265,0.0,-0.0048000000000000265
5547,2023-01-20,390.100006,396.040009,388.380005,395.880005,387.495331,91806400,393.0,0.3075,386.0,0.2483,2.880004999999983,0.0,-0.0592,-2.880004999999983,-2.8208049999999827
5548,2023-01-23,396.720001,402.649994,395.720001,400.630005,392.144653,84178800,399.0,0.3747,394.0,0.3602,1.6300049999999828,0.0,-0.014499999999999957,-1.6300049999999828,-1.6155049999999829
5549,2023-01-24,398.880005,401.149994,397.640015,400.200012,391.723785,59524900,397.0,2.7308,401.0,2.7233,3.200012000000015,0.7999879999999848,-0.00749999999999984,-2.4000240000000304,-2.3925240000000305
5550,2023-01-25,395.950012,400.700012,393.559998,400.350006,391.870605,84800300,399.0,0.3671,392.0,0.3613,1.3500060000000076,0.0,-0.005799999999999972,-1.3500060000000076,-1.3442060000000076
5551,2023-01-26,403.130005,404.920013,400.029999,404.75,396.177399,72287400,405.0,0.7058,401.0,0.6586,0.0,0.0,-0.04720000000000002,0.0,0.04720000000000002
5552,2023-01-27,403.660004,408.160004,403.440002,405.679993,397.087708,68346200,406.0,0.5177,401.0,0.5236,0.0,0.0,0.005899999999999905,0.0,-0.005899999999999905
5553,2023-01-30,402.799988,405.130005,400.279999,400.589996,392.10556,74202000,403.0,1.5844,403.0,1.5454,0.0,2.410004000000015,-0.038999999999999924,2.410004000000015,2.4490040000000146
5554,2023-01-31,401.130005,406.529999,400.769989,406.480011,397.870789,86811800,405.0,0.2518,397.0,0.2277,1.4800109999999904,0.0,-0.02410000000000001,-1.4800109999999904,-1.4559109999999904
5555,2023-02-01,405.209991,413.670013,402.350006,410.799988,402.099304,101459200,409.0,1.09,401.0,1.02,1.7999879999999848,0.0,-0.07000000000000006,-1.7999879999999848,-1.7299879999999848
5556,2023-02-02,414.859985,418.309998,412.880005,416.779999,407.952606,101654500,418.0,0.4056,411.0,0.4095,0.0,0.0,0.003899999999999959,0.0,-0.003899999999999959
5557,2023-02-03,411.589996,416.970001,411.089996,412.350006,403.616486,94736800,415.0,0.5271,408.0,0.502,0.0,0.0,-0.02510000000000001,0.0,0.02510000000000001
5558,2023-02-06,409.790009,411.290009,408.100006,409.829987,401.149811,60295300,407.0,3.43,413.0,3.4144,2.829987000000017,3.170012999999983,-0.015600000000000058,0.3400259999999662,0.35562599999996625
5559,2023-02-07,408.869995,416.48999,407.570007,415.190002,406.396332,90990700,408.0,2.5,410.0,2.51,7.190001999999993,0.0,0.009999999999999787,-7.190001999999993,-7.2000019999999925
5560,2023-02-08,413.130005,414.529999,409.929993,410.649994,401.952454,76227500,417.0,0.3252,409.0,0.255,0.0,0.0,-0.07019999999999998,0.0,0.07019999999999998
5561,2023-02-09,414.410004,414.570007,405.809998,407.089996,398.467834,78694900,418.0,0.2802,410.0,0.246,0.0,2.910004000000015,-0.03420000000000001,2.910004000000015,2.944204000000015
5562,2023-02-10,405.859985,408.440002,405.01001,408.040009,399.397766,70769700,407.0,1.2039,405.0,1.1999,1.0400089999999977,0.0,-0.0040000000000000036,-1.0400089999999977,-1.0360089999999977
5563,2023-02-13,408.720001,412.970001,408.23999,412.829987,404.086273,64913500,412.0,0.3796,405.0,0.3655,0.8299870000000169,0.0,-0.014100000000000001,-0.8299870000000169,-0.8158870000000169
5564,2023-02-14,411.23999,415.049988,408.51001,412.640015,403.90033,88389300,415.0,0.6304,407.0,0.6241,0.0,0.0,-0.006299999999999972,0.0,0.006299999999999972
5565,2023-02-15,410.350006,414.059998,409.470001,413.980011,405.211945,61555700,414.0,0.353,407.0,0.4107,0.0,0.0,0.05770000000000003,0.0,-0.05770000000000003
5566,2023-02-16,408.790009,412.910004,408.140015,408.279999,399.632629,76431500,407.0,2.8229,411.0,2.7799,1.2799989999999752,2.7200010000000248,-0.04300000000000015,1.4400020000000495,1.4830020000000497
5567,2023-02-17,406.059998,407.51001,404.049988,407.26001,398.634247,89257800,407.0,1.276,405.0,1.2793,0.2600100000000225,0.0,0.0033000000000000806,-0.2600100000000225,-0.2633100000000226
5568,2023-02-21,403.059998,404.160004,398.820007,399.089996,390.637329,82655900,407.0,0.3008,399.0,0.264,0.0,0.0,-0.0368,0.0,0.0368
5569,2023-02-22,399.519989,401.130005,397.019989,398.540009,390.098969,83742300,403.0,0.4867,396.0,0.486,0.0,0.0,-0.0007000000000000339,0.0,0.0007000000000000339
5570,2023-02-23,401.559998,402.200012,396.25,400.660004,392.174042,96242400,403.0,0.7333,400.0,0.7296,0.0,0.0,-0.0036999999999999256,0.0,0.0036999999999999256
5571,2023-02-24,395.420013,397.25,393.640015,396.380005,387.984711,108194400,399.0,0.3807,391.0,0.33,0.0,0.0,-0.05069999999999997,0.0,0.05069999999999997
5572,2023-02-27,399.869995,401.290009,396.75,397.730011,389.306122,80444700,403.0,0.2929,396.0,0.2867,0.0,0.0,-0.006199999999999983,0.0,0.006199999999999983
5573,2023-02-28,397.230011,399.279999,396.149994,396.26001,387.867279,96438600,401.0,0.2006,393.0,0.1769,0.0,0.0,-0.0237,0.0,0.0237
5574,2023-03-01,395.410004,396.690002,393.380005,394.73999,386.379425,99706800,399.0,0.27,391.0,0.21,0.0,0.0,-0.060000000000000026,0.0,0.060000000000000026
5575,2023-03-02,392.679993,398.690002,392.329987,397.809998,389.384369,85127800,396.0,0.2741,389.0,0.2635,1.8099980000000073,0.0,-0.010599999999999998,-1.8099980000000073,-1.7993980000000074
5576,2023-03-03,399.709991,404.450012,399.029999,404.190002,395.629272,90120000,402.0,0.496,397.0,0.4832,2.1900019999999927,0.0,-0.012799999999999978,-2.1900019999999927,-2.1772019999999928
5577,2023-03-06,405.049988,407.450012,404.01001,404.470001,395.903351,72795900,409.0,0.1099,400.0,0.1055,0.0,0.0,-0.004400000000000001,0.0,0.004400000000000001
5578,2023-03-07,404.420013,404.670013,397.630005,398.269989,389.834625,108310600,402.0,3.32,407.0,3.33,0.0,8.73001099999999,0.010000000000000231,8.73001099999999,8.72001099999999
5579,2023-03-08,398.390015,399.709991,396.589996,398.920013,390.470947,74746600,402.0,0.2733,394.0,0.2394,0.0,0.0,-0.033899999999999986,0.0,0.033899999999999986
5580,2023-03-09,399.73999,401.480011,390.529999,391.559998,383.266754,111945300,403.0,0.2122,396.0,0.1943,0.0,4.440001999999993,-0.0179,4.440001999999993,4.457901999999993
5581,2023-03-10,390.98999,393.160004,384.320007,385.910004,377.736481,189253000,390.0,2.5275,392.0,2.519,0.0,6.089995999999985,-0.00849999999999973,6.089995999999985,6.098495999999985
5582,2023-03-13,381.809998,390.390015,380.649994,385.359985,377.19809,157790000,385.0,1.2745,378.0,1.223,0.35998499999999467,0.0,-0.05149999999999988,-0.35998499999999467,-0.3084849999999948
5583,2023-03-14,390.5,393.450012,387.049988,391.730011,383.433197,149752400,390.0,2.3121,391.0,2.3416,1.7300109999999904,0.0,0.02950000000000008,-1.7300109999999904,-1.7595109999999905
5584,2023-03-15,385.890015,389.48999,383.709991,389.279999,381.035065,172996900,389.0,1.0757,382.0,1.0277,0.27999899999997524,0.0,-0.04800000000000004,-0.27999899999997524,-0.2319989999999752
5585,2023-03-16,386.820007,396.470001,386.290009,396.109985,387.720398,143254200,387.0,2.1015,387.0,2.0974,9.109984999999995,0.0,-0.004100000000000215,-9.109984999999995,-9.105884999999994
5586,2023-03-17,393.220001,394.399994,388.549988,389.98999,383.18689,140553400,396.0,0.6794,390.0,0.7078,0.0,0.010010000000022501,0.02839999999999998,0.010010000000022501,-0.01838999999997748
5587,2023-03-20,390.799988,394.170013,390.070007,393.73999,386.87149,93055800,394.0,0.8425,387.0,0.8981,0.0,0.0,0.05559999999999998,0.0,-0.05559999999999998
5588,2023-03-21,397.23999,399.410004,395.579987,398.910004,391.951324,91524200,399.0,0.6091,395.0,0.6164,0.0,0.0,0.007299999999999973,0.0,-0.007299999999999973
5589,2023-03-22,398.730011,402.48999,392.070007,392.109985,385.269928,111746600,402.0,1.3867,395.0,1.291,0.0,2.8900150000000053,-0.09570000000000012,2.8900150000000053,2.9857150000000052
5590,2023-03-23,395.089996,399.290009,390.350006,393.170013,386.311462,119351300,398.0,0.5035,391.0,0.4715,0.0,0.0,-0.03199999999999997,0.0,0.03199999999999997
5591,2023-03-24,391.839996,395.839996,389.399994,395.75,388.846466,107682400,394.0,1.0322,389.0,1.0,1.75,0.0,-0.032200000000000006,-1.75,-1.7178
5592,2023-03-27,398.119995,398.920013,395.559998,396.48999,389.573517,74010400,401.0,0.3113,394.0,0.3529,0.0,0.0,0.04159999999999997,0.0,-0.04159999999999997
5593,2023-03-28,395.769989,396.48999,393.690002,395.600006,388.699066,62871700,398.0,0.4952,393.0,0.4908,0.0,0.0,-0.0043999999999999595,0.0,0.0043999999999999595
5594,2023-03-29,399.929993,401.600006,398.679993,401.350006,394.348785,77497900,403.0,0.126,395.0,0.1263,0.0,0.0,0.0002999999999999947,0.0,-0.0002999999999999947
5595,2023-03-30,404.089996,404.350006,401.76001,403.700012,396.657776,69840000,407.0,0.173,400.0,0.164,0.0,0.0,-0.00899999999999998,0.0,0.00899999999999998
5596,2023-03-31,404.660004,409.700012,404.549988,409.390015,402.248535,112062600,408.0,0.1381,400.0,0.1453,1.3900150000000053,0.0,0.007200000000000012,-1.3900150000000053,-1.3972150000000054
5597,2023-04-03,408.850006,411.369995,408.440002,410.950012,403.781281,67391100,407.0,2.3967,411.0,2.393,3.950012000000015,0.04998799999998482,-0.0037000000000002586,-3.9000240000000304,-3.89632400000003
5598,2023-04-04,411.619995,411.920013,407.23999,408.670013,401.541046,66601500,414.0,0.2447,409.0,0.2298,0.0,0.3299870000000169,-0.014899999999999997,0.3299870000000169,0.34488700000001693
5599,2023-04-05,407.910004,408.700012,405.880005,407.600006,400.489716,65200200,411.0,0.185,404.0,0.1767,0.0,0.0,-0.008300000000000002,0.0,0.008300000000000002
5600,2023-04-06,406.769989,409.480011,405.679993,409.190002,402.052032,63743300,409.0,0.3138,404.0,0.3299,0.19000199999999268,0.0,0.016100000000000003,-0.19000199999999268,-0.20610199999999268
5601,2023-04-10,406.609985,409.690002,405.970001,409.609985,402.464661,63681000,410.0,0.1184,402.0,0.1233,0.0,0.0,0.004900000000000002,0.0,-0.004900000000000002
5602,2023-04-11,410.26001,411.179993,408.920013,409.720001,402.572754,59297900,412.0,0.3252,408.0,0.3223,0.0,0.0,-0.0029000000000000137,0.0,0.0029000000000000137
5603,2023-04-12,411.869995,412.170013,407.440002,408.049988,400.931854,86420400,415.0,0.3226,408.0,0.2522,0.0,0.0,-0.07040000000000002,0.0,0.07040000000000002
5604,2023-04-13,409.179993,413.839996,407.98999,413.470001,406.257324,85814800,412.0,0.1667,405.0,0.156,1.4700010000000248,0.0,-0.010699999999999987,-1.4700010000000248,-1.4593010000000248
5605,2023-04-14,412.809998,415.089996,410.059998,412.459991,405.264923,78161500,416.0,0.1694,409.0,0.1873,0.0,0.0,0.0179,0.0,-0.0179
5606,2023-04-17,412.369995,413.959991,411.089996,413.940002,406.719147,66436400,415.0,0.1528,409.0,0.1536,0.0,0.0,0.0007999999999999952,0.0,-0.0007999999999999952
5607,2023-04-18,415.579987,415.720001,412.779999,414.209991,406.984375,63560000,419.0,0.0614,411.0,0.0686,0.0,0.0,0.007199999999999991,0.0,-0.007199999999999991
5608,2023-04-19,412.220001,415.079987,412.160004,414.140015,406.91568,55227300,415.0,0.1808,409.0,0.1714,0.0,0.0,-0.009399999999999992,0.0,0.009399999999999992
5609,2023-04-20,411.209991,413.700012,410.269989,411.880005,404.695099,75840400,413.0,0.3431,409.0,0.3336,0.0,0.0,-0.009500000000000008,0.0,0.009500000000000008
5610,2023-04-21,412.190002,412.679993,410.170013,412.200012,405.00946,73457400,415.0,0.1303,408.0,0.1346,0.0,0.0,0.004299999999999998,0.0,-0.004299999999999998
5611,2023-04-24,411.98999,413.070007,410.600006,412.630005,405.432007,64332100,409.0,3.13,415.0,3.12,3.630004999999983,2.369995000000017,-0.009999999999999787,-1.2600099999999657,-1.2500099999999659
5612,2023-04-25,410.579987,411.160004,406.019989,406.079987,398.996216,97766700,412.0,0.4192,409.0,0.4205,0.0,2.920012999999983,0.0012999999999999678,2.920012999999983,2.918712999999983
5613,2023-04-26,406.720001,407.839996,403.779999,404.359985,397.306244,80447000,410.0,0.1584,402.0,0.1482,0.0,0.0,-0.010200000000000015,0.0,0.010200000000000015
5614,2023-04-27,407.0,412.690002,406.73999,412.410004,405.215851,92968400,410.0,0.1125,402.0,0.1047,2.410004000000015,0.0,-0.007800000000000001,-2.410004000000015,-2.402204000000015
5615,2023-04-28,411.48999,415.940002,411.429993,415.929993,408.674408,89335600,411.0,1.283,412.0,1.276,4.9299930000000245,0.0,-0.006999999999999895,-4.9299930000000245,-4.922993000000025
5616,2023-05-01,415.470001,417.619995,415.269989,415.51001,408.261719,62122300,415.0,1.1718,416.0,1.1695,0.5100100000000225,0.4899899999999775,-0.0022999999999999687,-0.020020000000045002,-0.017720000000045033
5617,2023-05-02,414.769989,414.820007,407.820007,410.839996,403.673218,103998500,417.0,0.1697,412.0,0.1695,0.0,1.160004000000015,-0.00019999999999997797,1.160004000000015,1.160204000000015
5618,2023-05-03,411.359985,413.869995,407.769989,408.019989,400.902374,91531800,415.0,0.6221,407.0,0.5454,0.0,0.0,-0.07669999999999999,0.0,0.07669999999999999
5619,2023-05-04,406.929993,407.269989,403.73999,405.130005,398.062805,94901900,406.0,2.1571,408.0,2.1441,0.0,2.869995000000017,-0.0129999999999999,2.869995000000017,2.882995000000017
5620,2023-05-05,408.910004,413.720001,408.640015,412.630005,405.432007,87844000,411.0,0.4159,406.0,0.4483,1.6300049999999828,0.0,0.032399999999999984,-1.6300049999999828,-1.6624049999999828
5621,2023-05-08,412.970001,413.23999,411.279999,412.73999,405.54007,50046800,416.0,0.1134,408.0,0.089,0.0,0.0,-0.024400000000000005,0.0,0.024400000000000005
5622,2023-05-09,411.130005,412.089996,410.690002,410.929993,403.761627,49220100,413.0,0.2794,409.0,0.2817,0.0,0.0,0.0023000000000000242,0.0,-0.0023000000000000242
5623,2023-05-10,413.880005,414.540009,408.869995,412.850006,405.648163,96142900,417.0,0.1919,410.0,0.2113,0.0,0.0,0.0194,0.0,-0.0194
5624,2023-05-11,411.950012,412.429993,409.970001,412.130005,404.940704,70157100,412.0,1.1565,412.0,1.1548,0.13000499999998283,0.0,-0.0017000000000000348,-0.13000499999998283,-0.1283049999999828
5625,2023-05-12,413.420013,413.640015,409.070007,411.589996,404.410126,70439400,416.0,0.1409,410.0,0.1607,0.0,0.0,0.019800000000000012,0.0,-0.019800000000000012
5626,2023-05-15,412.220001,413.429993,410.230011,413.01001,405.805328,54289400,415.0,0.1195,408.0,0.1562,0.0,0.0,0.03670000000000001,0.0,-0.03670000000000001
5627,2023-05-16,411.859985,412.820007,410.23999,410.25,403.093475,57705500,415.0,0.1014,408.0,0.1136,0.0,0.0,0.012200000000000003,0.0,-0.012200000000000003
5628,2023-05-17,412.350006,415.859985,410.640015,415.230011,407.986633,87287000,415.0,0.1212,409.0,0.1497,0.23001099999999042,0.0,0.028499999999999998,-0.23001099999999042,-0.2585109999999904
5629,2023-05-18,414.899994,419.670013,414.670013,419.230011,411.91687,97177200,418.0,0.1274,411.0,0.1231,1.2300109999999904,0.0,-0.004300000000000012,-1.2300109999999904,-1.2257109999999904
5630,2023-05-19,420.170013,420.720001,417.350006,418.619995,411.317474,103679700,422.0,0.3866,418.0,0.3927,0.0,0.0,0.006099999999999994,0.0,-0.006099999999999994
5631,2023-05-22,418.640015,420.390015,417.350006,418.790009,411.484497,60745400,421.0,0.2211,416.0,0.2311,0.0,0.0,0.010000000000000009,0.0,-0.010000000000000009
5632,2023-05-23,417.079987,418.720001,413.679993,414.089996,406.866516,86383500,421.0,0.0868,412.0,0.088,0.0,0.0,0.0011999999999999927,0.0,-0.0011999999999999927
5633,2023-05-24,412.420013,412.820007,409.880005,411.089996,403.918823,89213700,416.0,0.1817,408.0,0.1805,0.0,0.0,-0.0012000000000000066,0.0,0.0012000000000000066
5634,2023-05-25,414.73999,416.160004,412.410004,414.649994,407.416718,90961600,417.0,0.5192,412.0,0.53,0.0,0.0,0.010800000000000032,0.0,-0.010800000000000032
5635,2023-05-26,415.329987,420.769989,415.25,420.019989,412.693054,93830000,419.0,0.2025,411.0,0.1994,1.0199890000000096,0.0,-0.0031000000000000194,-1.0199890000000096,-1.0168890000000095
5636,2023-05-30,422.029999,422.579987,418.73999,420.179993,412.850281,72216000,426.0,0.1297,417.0,0.1296,0.0,0.0,-0.00010000000000001674,0.0,0.00010000000000001674
5637,2023-05-31,418.279999,419.220001,416.220001,417.850006,410.560913,110811800,422.0,0.1439,414.0,0.14,0.0,0.0,-0.003899999999999987,0.0,0.003899999999999987
5638,2023-06-01,418.089996,422.920013,416.790009,421.820007,414.46167,88865000,422.0,0.0894,414.0,0.1005,0.0,0.0,0.011100000000000013,0.0,-0.011100000000000013
5639,2023-06-02,424.5,428.73999,423.950012,427.920013,420.455261,91366700,428.0,0.123,420.0,0.1062,0.0,0.0,-0.016799999999999995,0.0,0.016799999999999995
5640,2023-06-05,428.279999,429.619995,426.369995,427.100006,419.649567,65460200,431.0,0.166,425.0,0.1584,0.0,0.0,-0.007599999999999996,0.0,0.007599999999999996
5641,2023-06-06,426.670013,428.579987,425.98999,428.029999,420.563324,64022200,424.0,2.87,429.0,2.88,4.029998999999975,0.9700010000000248,0.009999999999999787,-3.0599979999999505,-3.0699979999999503
5642,2023-06-07,428.440002,429.619995,426.109985,426.549988,419.109161,85373300,432.0,0.0582,424.0,0.0667,0.0,0.0,0.008499999999999994,0.0,-0.008499999999999994
5643,2023-06-08,426.619995,429.600006,425.820007,429.130005,421.644135,61952800,429.0,0.1977,424.0,0.2088,0.13000499999998283,0.0,0.011100000000000027,-0.13000499999998283,-0.14110499999998286
5644,2023-06-09,429.959991,431.98999,428.869995,429.899994,422.400696,85742800,434.0,0.0455,425.0,0.0482,0.0,0.0,0.002700000000000001,0.0,-0.002700000000000001
5645,2023-06-12,430.920013,433.880005,430.170013,433.799988,426.232666,76104300,435.0,0.0495,426.0,0.05,0.0,0.0,0.0005000000000000004,0.0,-0.0005000000000000004
5646,2023-06-13,435.320007,437.329987,434.630005,436.660004,429.042847,95899700,436.0,0.8822,434.0,0.8915,0.6600040000000149,0.0,0.009299999999999975,-0.6600040000000149,-0.6693040000000149
5647,2023-06-14,437.01001,439.059998,433.589996,437.179993,429.55368,100612100,437.0,1.6973,437.0,1.6923,0.1799930000000245,0.0,-0.0050000000000001155,-0.1799930000000245,-0.17499300000002438
5648,2023-06-15,436.329987,443.899994,436.230011,442.600006,434.879181,110303100,440.0,0.1392,432.0,0.154,2.6000060000000076,0.0,0.014800000000000008,-2.6000060000000076,-2.6148060000000077
5649,2023-06-16,443.019989,443.609985,438.970001,439.459991,433.397888,114121300,440.0,3.2522,446.0,3.255,0.0,6.540008999999998,0.0027999999999996916,6.540008999999998,6.537208999999998
5650,2023-06-20,437.450012,438.369995,435.029999,437.179993,431.149323,76160400,441.0,0.0881,433.0,0.0731,0.0,0.0,-0.015,0.0,0.015
5651,2023-06-21,436.160004,436.98999,434.329987,434.940002,428.940216,76982300,440.0,0.0827,432.0,0.0686,0.0,0.0,-0.014100000000000001,0.0,0.014100000000000001
5652,2023-06-22,433.950012,436.619995,433.600006,436.51001,430.488586,70637200,436.0,0.3201,432.0,0.3226,0.5100100000000225,0.0,0.0025000000000000022,-0.5100100000000225,-0.5125100000000224
5653,2023-06-23,432.929993,435.059998,432.470001,433.209991,427.23407,92074500,437.0,0.0735,428.0,0.0722,0.0,0.0,-0.0012999999999999956,0.0,0.0012999999999999956
5654,2023-06-26,432.619995,434.609985,431.190002,431.440002,425.488525,72823600,436.0,0.0853,428.0,0.0783,0.0,0.0,-0.007000000000000006,0.0,0.007000000000000006
5655,2023-06-27,432.350006,436.809998,431.880005,436.170013,430.15329,72813700,436.0,0.0698,428.0,0.05,0.1700129999999831,0.0,-0.019799999999999998,-0.1700129999999831,-0.1502129999999831
5656,2023-06-28,435.049988,437.440002,434.410004,436.390015,430.37027,75636000,439.0,0.047,430.0,0.0375,0.0,0.0,-0.009500000000000001,0.0,0.009500000000000001
5657,2023-06-29,435.959991,438.279999,435.540009,438.109985,432.066498,67882300,438.0,0.266,434.0,0.2683,0.10998499999999467,0.0,0.0022999999999999687,-0.10998499999999467,-0.11228499999999464
5658,2023-06-30,441.440002,444.299988,441.109985,443.279999,437.165192,104921500,445.0,0.0951,437.0,0.0811,0.0,0.0,-0.013999999999999999,0.0,0.013999999999999999
5659,2023-07-03,442.920013,444.079987,442.630005,443.790009,437.668182,32793400,446.0,0.0492,439.0,0.045,0.0,0.0,-0.004200000000000002,0.0,0.004200000000000002
5660,2023-07-05,441.910004,443.890015,441.899994,443.130005,437.017303,58418400,445.0,0.0722,438.0,0.07,0.0,0.0,-0.0021999999999999936,0.0,0.0021999999999999936
5661,2023-07-06,439.420013,440.100006,437.059998,439.660004,433.595123,80658300,436.0,3.635,443.0,3.6282,3.660004000000015,3.339995999999985,-0.006799999999999695,-0.3200080000000298,-0.31320800000003013
5662,2023-07-07,438.630005,442.640015,438.299988,438.549988,432.500458,86076100,443.0,0.0753,434.0,0.0783,0.0,0.0,0.002999999999999989,0.0,-0.002999999999999989
5663,2023-07-10,438.179993,439.839996,437.589996,439.660004,433.595123,62443500,440.0,0.2569,436.0,0.2536,0.0,0.0,-0.003300000000000025,0.0,0.003300000000000025
5664,2023-07-11,440.450012,442.970001,439.440002,442.459991,436.356476,64463800,439.0,1.8336,442.0,1.84,3.4599910000000023,0.0,0.006400000000000183,-3.4599910000000023,-3.4663910000000024
5665,2023-07-12,446.390015,447.480011,444.910004,446.019989,439.867371,91924500,450.0,0.1284,442.0,0.1435,0.0,0.0,0.015100000000000002,0.0,-0.015100000000000002
5666,2023-07-13,447.899994,450.380005,447.450012,449.559998,443.358582,72425200,451.0,0.086,444.0,0.0921,0.0,0.0,0.006100000000000008,0.0,-0.006100000000000008
5667,2023-07-14,450.480011,451.359985,448.48999,449.279999,443.082428,69761800,454.0,0.0832,446.0,0.0842,0.0,0.0,0.0010000000000000009,0.0,-0.0010000000000000009
5668,2023-07-17,449.130005,451.929993,449.079987,450.839996,444.620911,52680200,451.0,0.1985,447.0,0.1957,0.0,0.0,-0.002799999999999997,0.0,0.002799999999999997
5669,2023-07-18,450.5,454.859985,450.049988,454.190002,447.924713,80744400,454.0,0.0437,446.0,0.04,0.19000199999999268,0.0,-0.003700000000000002,-0.19000199999999268,-0.18630199999999267
5670,2023-07-19,455.01001,456.429993,454.109985,455.200012,448.920807,65891700,459.0,0.06,451.0,0.0669,0.0,0.0,0.006900000000000003,0.0,-0.006900000000000003
5671,2023-07-20,454.170013,455.100006,451.440002,452.179993,445.942413,70591600,457.0,0.1379,451.0,0.1342,0.0,0.0,-0.003699999999999981,0.0,0.003699999999999981
5672,2023-07-21,453.959991,454.170013,452.170013,452.179993,445.942413,71245400,458.0,0.0718,449.0,0.0581,0.0,0.0,-0.013700000000000004,0.0,0.013700000000000004
5673,2023-07-24,453.369995,455.040009,452.299988,454.200012,447.93457,54023400,457.0,0.0559,449.0,0.0388,0.0,0.0,-0.017099999999999997,0.0,0.017099999999999997
5674,2023-07-25,453.920013,456.73999,453.869995,455.440002,449.157471,55191200,450.0,4.04,458.0,4.057,5.440001999999993,2.5599980000000073,0.017000000000000348,-2.8800039999999854,-2.8970039999999857
5675,2023-07-26,454.470001,456.98999,453.380005,455.51001,449.226501,71052900,456.0,0.8931,453.0,0.8969,0.0,0.0,0.0038000000000000256,0.0,-0.0038000000000000256
5676,2023-07-27,459.019989,459.440002,451.549988,452.48999,446.248108,92194400,460.0,0.4845,458.0,0.4893,0.0,5.5100100000000225,0.0048000000000000265,5.5100100000000225,5.505210000000022
5677,2023-07-28,455.880005,457.779999,452.48999,456.920013,450.617065,80011800,458.0,0.2174,453.0,0.2144,0.0,0.0,-0.0030000000000000027,0.0,0.0030000000000000027
5678,2023-07-31,457.410004,458.160004,456.049988,457.790009,451.475067,62040400,461.0,0.0505,453.0,0.0558,0.0,0.0,0.005299999999999999,0.0,-0.005299999999999999
5679,2023-08-01,456.269989,457.25,455.48999,456.480011,450.183105,55291500,459.0,0.1425,453.0,0.1345,0.0,0.0,-0.00799999999999998,0.0,0.00799999999999998
5680,2023-08-02,453.25,453.519989,449.350006,450.130005,443.920715,93933400,457.0,0.1024,449.0,0.12,0.0,0.0,0.01759999999999999,0.0,-0.01759999999999999
5681,2023-08-03,448.040009,450.790009,447.369995,448.839996,442.648468,64276100,450.0,0.5674,446.0,0.5833,0.0,0.0,0.015900000000000025,0.0,-0.015900000000000025
5682,2023-08-04,450.720001,452.899994,446.269989,446.809998,440.646515,100052300,454.0,0.1444,446.0,0.1373,0.0,0.0,-0.007099999999999995,0.0,0.007099999999999995
5683,2023-08-07,448.709991,450.869995,447.98999,450.709991,444.492706,58357500,451.0,0.2405,446.0,0.25,0.0,0.0,0.009500000000000008,0.0,-0.009500000000000008
5684,2023-08-08,448.079987,450.700012,445.269989,448.75,442.559753,71361300,451.0,0.1504,444.0,0.136,0.0,0.0,-0.014399999999999996,0.0,0.014399999999999996
5685,2023-08-09,449.029999,449.200012,444.959991,445.75,439.601135,78789600,453.0,0.0599,444.0,0.069,0.0,0.0,0.009100000000000004,0.0,-0.009100000000000004
5686,2023-08-10,448.190002,451.700012,444.700012,445.910004,439.758942,93005500,452.0,0.1964,443.0,0.1743,0.0,0.0,-0.02209999999999998,0.0,0.02209999999999998
5687,2023-08-11,443.970001,446.700012,443.350006,445.649994,439.502502,68664600,444.0,1.304,444.0,1.31,1.6499939999999924,0.0,0.006000000000000005,-1.6499939999999924,-1.6559939999999924
5688,2023-08-14,444.700012,448.109985,444.380005,448.109985,441.928558,47867400,448.0,0.1706,441.0,0.1918,0.10998499999999467,0.0,0.021199999999999997,-0.10998499999999467,-0.13118499999999467
5689,2023-08-15,446.269989,446.640015,442.299988,442.890015,436.780609,75707500,449.0,0.2295,443.0,0.2113,0.0,0.10998499999999467,-0.01820000000000002,0.10998499999999467,0.1281849999999947
5690,2023-08-16,442.459991,444.179993,439.529999,439.640015,433.575439,80107200,441.0,2.05,444.0,2.0537,0.0,4.359984999999995,0.0037000000000002586,4.359984999999995,4.356284999999994
5691,2023-08-17,441.160004,441.429993,435.75,436.290009,430.271606,95711300,443.0,0.4189,439.0,0.4272,0.0,2.7099910000000023,0.00830000000000003,2.7099910000000023,2.701691000000002
5692,2023-08-18,433.369995,437.570007,433.01001,436.5,430.478729,98758400,437.0,0.1798,429.0,0.1908,0.0,0.0,0.01100000000000001,0.0,-0.01100000000000001
5693,2023-08-21,437.549988,440.109985,435.320007,439.339996,433.279541,68719000,438.0,0.9219,437.0,0.9245,1.339995999999985,0.0,0.0025999999999999357,-1.339995999999985,-1.342595999999985
5694,2023-08-22,441.179993,441.179993,437.570007,438.149994,432.105957,65062900,445.0,0.0475,436.0,0.0708,0.0,0.0,0.0233,0.0,-0.0233
5695,2023-08-23,439.25,443.670013,439.100006,443.029999,436.91864,68441000,441.0,0.571,437.0,0.5849,2.0299989999999752,0.0,0.013900000000000023,-2.0299989999999752,-2.0438989999999753
5696,2023-08-24,444.690002,445.220001,436.859985,436.890015,430.863312,88517300,447.0,0.2958,442.0,0.2995,0.0,5.109984999999995,0.003699999999999981,5.109984999999995,5.106284999999994
5697,2023-08-25,438.679993,441.299988,435.0,439.970001,433.900848,102325100,443.0,0.314,434.0,0.2987,0.0,0.0,-0.01529999999999998,0.0,0.01529999999999998
5698,2023-08-28,442.23999,443.399994,439.970001,442.76001,436.652374,61595400,446.0,0.0764,437.0,0.078,0.0,0.0,0.0016000000000000042,0.0,-0.0016000000000000042
5699,2023-08-29,442.649994,449.450012,442.459991,449.160004,442.964081,83081900,446.0,0.1074,439.0,0.13,3.160004000000015,0.0,0.02260000000000001,-3.160004000000015,-3.182604000000015
5700,2023-08-30,449.51001,451.670013,448.779999,451.01001,444.788574,69053900,454.0,0.0921,445.0,0.0934,0.0,0.0,0.0012999999999999956,0.0,-0.0012999999999999956
5701,2023-08-31,451.649994,452.829987,450.160004,450.350006,444.137665,66084600,454.0,0.2714,449.0,0.2814,0.0,0.0,0.010000000000000009,0.0,-0.010000000000000009
5702,2023-09-01,453.170013,453.670013,449.679993,451.190002,444.966064,58875700,457.0,0.0722,448.0,0.0788,0.0,0.0,0.006599999999999995,0.0,-0.006599999999999995
5703,2023-09-05,450.730011,451.059998,449.170013,449.23999,443.042938,55166200,453.0,0.1897,448.0,0.1851,0.0,0.0,-0.004600000000000021,0.0,0.004600000000000021
5704,2023-09-06,448.399994,448.51001,443.809998,446.220001,440.064636,70758500,452.0,0.06,444.0,0.0515,0.0,0.0,-0.0085,0.0,0.0085
5705,2023-09-07,443.109985,445.549988,442.75,444.850006,438.713562,70355400,447.0,0.0723,438.0,0.07,0.0,0.0,-0.0022999999999999965,0.0,0.0022999999999999965
5706,2023-09-08,444.899994,447.109985,444.529999,445.519989,439.374298,61659700,449.0,0.0546,440.0,0.0698,0.0,0.0,0.015199999999999998,0.0,-0.015199999999999998
5707,2023-09-11,448.23999,448.769989,446.470001,448.450012,442.263885,60180100,452.0,0.04,443.0,0.0392,0.0,0.0,-0.0008000000000000021,0.0,0.0008000000000000021
5708,2023-09-12,446.950012,448.529999,445.390015,445.98999,439.837799,67565400,450.0,0.0735,443.0,0.066,0.0,0.0,-0.007499999999999993,0.0,0.007499999999999993
5709,2023-09-13,446.220001,447.709991,445.079987,446.51001,440.350677,60199300,450.0,0.0812,441.0,0.07,0.0,0.0,-0.011199999999999988,0.0,0.011199999999999988
5710,2023-09-14,449.070007,451.079987,447.720001,450.359985,444.147522,83430800,452.0,0.06,444.0,0.0408,0.0,0.0,-0.019199999999999995,0.0,0.019199999999999995
5711,2023-09-15,447.140015,447.480011,442.920013,443.369995,438.796295,111761400,450.0,0.1738,444.0,0.1786,0.0,0.6300049999999828,0.004799999999999999,0.6300049999999828,0.6252049999999828
5712,2023-09-18,443.049988,444.970001,442.559998,443.630005,439.053619,55752200,447.0,0.04,438.0,0.0425,0.0,0.0,0.0025000000000000022,0.0,-0.0025000000000000022
5713,2023-09-19,442.679993,443.290009,439.940002,442.709991,438.143097,66514600,446.0,0.0446,438.0,0.04,0.0,0.0,-0.0046,0.0,0.0046
5714,2023-09-20,444.01001,444.440002,438.429993,438.640015,434.115112,82562600,443.0,1.9892,445.0,1.9798,0.0,6.359984999999995,-0.009400000000000075,6.359984999999995,6.369384999999995
5715,2023-09-21,435.700012,435.970001,431.230011,431.390015,426.93988,103976100,439.0,0.1943,432.0,0.19,0.0,0.6099849999999947,-0.004299999999999998,0.6099849999999947,0.6142849999999946
5716,2023-09-22,432.450012,434.100006,429.98999,430.420013,425.979889,100829700,436.0,0.1478,428.0,0.1482,0.0,0.0,0.00040000000000001146,0.0,-0.00040000000000001146
5717,2023-09-25,429.170013,432.269989,428.720001,432.230011,427.77121,70874500,432.0,0.3185,426.0,0.3289,0.23001099999999042,0.0,0.01040000000000002,-0.23001099999999042,-0.24041099999999044
5718,2023-09-26,429.089996,429.820007,425.019989,425.880005,421.486694,96168400,431.0,0.5514,427.0,0.5567,0.0,1.1199950000000172,0.005299999999999971,1.1199950000000172,1.114695000000017
5719,2023-09-27,427.089996,427.670013,422.290009,426.049988,421.654968,104705800,431.0,0.1048,422.0,0.1122,0.0,0.0,0.00739999999999999,0.0,-0.00739999999999999
5720,2023-09-28,425.480011,430.25,424.869995,428.519989,424.099487,92258300,422.0,3.96,429.0,3.95,6.51998900000001,0.4800109999999904,-0.009999999999999787,-6.039978000000019,-6.029978000000019
5721,2023-09-29,431.670013,431.850006,425.910004,427.480011,423.070251,115078500,433.0,0.7372,430.0,0.741,0.0,2.5199890000000096,0.0038000000000000256,2.5199890000000096,2.5161890000000096
5722,2023-10-02,426.619995,428.600006,424.459991,427.309998,422.901978,83798600,428.0,0.6882,425.0,0.6957,0.0,0.0,0.007499999999999951,0.0,-0.007499999999999951
5723,2023-10-03,425.059998,427.369995,420.179993,421.589996,417.240967,103760600,428.0,0.3889,422.0,0.4056,0.0,0.4100040000000149,0.016699999999999993,0.4100040000000149,0.3933040000000149
5724,2023-10-04,422.070007,425.429993,420.559998,424.660004,420.279327,87453000,423.0,0.952,421.0,0.9638,1.660004000000015,0.0,0.011800000000000033,-1.660004000000015,-1.671804000000015
5725,2023-10-05,424.359985,425.369995,421.170013,424.5,420.120972,70142700,428.0,0.2213,420.0,0.2229,0.0,0.0,0.0015999999999999903,0.0,-0.0015999999999999903
5726,2023-10-06,421.970001,431.130005,420.600006,429.540009,425.108948,113202700,425.0,0.584,419.0,0.6038,4.540008999999998,0.0,0.01980000000000004,-4.540008999999998,-4.559808999999998
5727,2023-10-09,427.579987,432.880005,427.01001,432.290009,427.830597,80374400,428.0,1.1222,427.0,1.1318,4.290008999999998,0.0,0.009599999999999831,-4.290008999999998,-4.299608999999998
5728,2023-10-10,432.940002,437.220001,432.529999,434.540009,430.057373,78607300,433.0,1.1676,433.0,1.1674,1.5400089999999977,0.0,-0.00019999999999997797,-1.5400089999999977,-1.5398089999999978
5729,2023-10-11,435.640015,436.579987,433.179993,436.320007,431.819031,62451700,438.0,0.3991,433.0,0.3998,0.0,0.0,0.0006999999999999784,0.0,-0.0006999999999999784
5730,2023-10-12,436.950012,437.339996,431.230011,433.660004,429.186462,81154200,436.0,1.7668,438.0,1.7664,0.0,4.339995999999985,-0.00039999999999995595,4.339995999999985,4.340395999999985
5731,2023-10-13,435.209991,436.450012,429.880005,431.5,427.048737,95143100,439.0,0.15,430.0,0.1364,0.0,0.0,-0.013600000000000001,0.0,0.013600000000000001
5732,2023-10-16,433.820007,437.140015,433.570007,436.040009,431.541901,75433200,436.0,0.4237,431.0,0.4273,0.04000899999999774,0.0,0.003599999999999992,-0.04000899999999774,-0.04360899999999773
5733,2023-10-17,432.809998,438.140015,432.450012,436.019989,431.522125,75324700,437.0,0.1233,428.0,0.14,0.0,0.0,0.016700000000000007,0.0,-0.016700000000000007
5734,2023-10-18,434.190002,435.179993,429.089996,430.209991,425.772034,93559800,435.0,0.8879,433.0,0.8754,0.0,2.7900089999999977,-0.012500000000000067,2.7900089999999977,2.802508999999998
5735,2023-10-19,430.950012,432.820007,425.730011,426.429993,422.031036,121323000,427.0,4.24,435.0,4.25,0.0,8.570006999999976,0.009999999999999787,8.570006999999976,8.560006999999976
5736,2023-10-20,425.980011,426.540009,421.079987,421.190002,416.845093,123845800,430.0,0.2276,421.0,0.2164,0.0,0.0,-0.011199999999999988,0.0,0.011199999999999988
5737,2023-10-23,419.609985,424.450012,417.799988,420.459991,416.122589,92035100,421.0,0.8416,418.0,0.8374,0.0,0.0,-0.0041999999999999815,0.0,0.0041999999999999815
5738,2023-10-24,422.649994,424.820007,420.73999,423.630005,419.259949,78564200,425.0,0.5191,420.0,0.5216,0.0,0.0,0.0024999999999999467,0.0,-0.0024999999999999467
5739,2023-10-25,421.890015,421.920013,417.019989,417.549988,413.242615,94223200,426.0,0.1431,417.0,0.1349,0.0,0.0,-0.008200000000000013,0.0,0.008200000000000013
5740,2023-10-26,416.450012,417.329987,411.600006,412.549988,408.29422,115156800,417.0,1.3887,416.0,1.3926,0.0,3.450012000000015,0.0039000000000000146,3.450012000000015,3.4461120000000154
5741,2023-10-27,414.190002,414.600006,409.209991,410.679993,406.443512,107367700,418.0,0.34,410.0,0.2691,0.0,0.0,-0.07090000000000002,0.0,0.07090000000000002
5742,2023-10-30,413.559998,416.679993,412.220001,415.589996,411.302887,86562700,415.0,0.7596,412.0,0.7441,0.5899959999999851,0.0,-0.01550000000000007,-0.5899959999999851,-0.574495999999985
5743,2023-10-31,416.179993,418.529999,414.209991,418.200012,413.885956,79665200,418.0,0.56,414.0,0.5499,0.20001200000001518,0.0,-0.010099999999999998,-0.20001200000001518,-0.18991200000001518
5744,2023-11-01,419.200012,423.5,418.649994,422.660004,418.299927,98068100,422.0,0.6129,416.0,0.5984,0.6600040000000149,0.0,-0.014499999999999957,-0.6600040000000149,-0.645504000000015
5745,2023-11-02,426.579987,430.920013,426.559998,430.76001,426.316406,94938900,428.0,0.6078,425.0,0.6314,2.7600100000000225,0.0,0.023599999999999954,-2.7600100000000225,-2.7836100000000226
5746,2023-11-03,433.140015,436.290009,433.01001,434.690002,430.205872,100110800,436.0,0.2357,429.0,0.2317,0.0,0.0,-0.0040000000000000036,0.0,0.0040000000000000036
5747,2023-11-06,435.470001,436.149994,433.679993,435.690002,431.195526,67831700,433.0,2.765,438.0,2.77,2.6900019999999927,2.3099980000000073,0.004999999999999893,-0.38000399999998535,-0.38500399999998525
5748,2023-11-07,435.690002,437.589996,434.51001,436.929993,432.422699,64256100,439.0,0.0793,431.0,0.0706,0.0,0.0,-0.0087,0.0,0.0087
5749,2023-11-08,437.549988,438.089996,434.869995,437.25,432.739441,61746000,438.0,0.7041,437.0,0.7084,0.0,0.0,0.0043000000000000815,0.0,-0.0043000000000000815
5750,2023-11-09,438.429993,438.470001,433.399994,433.839996,429.364624,83174400,441.0,0.1491,435.0,0.1651,0.0,1.160004000000015,0.015999999999999986,1.160004000000015,1.144004000000015
5751,2023-11-10,435.980011,440.929993,433.829987,440.609985,436.064728,89462200,436.0,1.011,436.0,1.0225,4.609984999999995,0.0,0.011500000000000066,-4.609984999999995,-4.6214849999999945
5752,2023-11-13,439.230011,441.329987,438.420013,440.190002,435.649109,52236100,442.0,0.1806,436.0,0.1695,0.0,0.0,-0.011099999999999999,0.0,0.011099999999999999
5753,2023-11-14,446.320007,450.059998,446.089996,448.730011,444.101044,97176900,450.0,0.1325,441.0,0.1124,0.0,0.0,-0.020100000000000007,0.0,0.020100000000000007
5754,2023-11-15,450.109985,451.380005,448.799988,449.679993,445.041199,77327600,453.0,0.2411,447.0,0.2546,0.0,0.0,0.013499999999999984,0.0,-0.013499999999999984
5755,2023-11-16,449.220001,450.559998,448.119995,450.230011,445.585541,66665800,453.0,0.082,445.0,0.079,0.0,0.0,-0.0030000000000000027,0.0,0.0030000000000000027
5756,2023-11-17,450.23999,451.420013,449.290009,450.790009,446.13974,83133200,454.0,0.0803,446.0,0.0888,0.0,0.0,0.008500000000000008,0.0,-0.008500000000000008
5757,2023-11-20,450.529999,455.130005,450.519989,454.26001,449.573975,69936200,454.0,0.0454,446.0,0.05,0.2600100000000225,0.0,0.0046,-0.2600100000000225,-0.2646100000000225
5758,2023-11-21,453.179993,454.130005,451.959991,453.269989,448.594177,49244600,457.0,0.0716,449.0,0.0827,0.0,0.0,0.011099999999999999,0.0,-0.011099999999999999
5759,2023-11-22,454.980011,456.380005,453.890015,455.019989,450.326141,59394900,451.0,3.99,459.0,3.99,4.01998900000001,3.9800109999999904,0.0,-0.039978000000019165,-0.039978000000019165
5760,2023-11-24,455.070007,455.5,454.730011,455.299988,450.60318,29737400,459.0,0.0199,451.0,0.0169,0.0,0.0,-0.0030000000000000027,0.0,0.0030000000000000027
5761,2023-11-27,454.649994,455.48999,454.079987,454.480011,449.791687,50506000,458.0,0.0449,451.0,0.0398,0.0,0.0,-0.0051,0.0,0.0051
5762,2023-11-28,454.079987,456.269989,453.5,454.929993,450.23703,62115000,458.0,0.0164,449.0,0.0194,0.0,0.0,0.002999999999999999,0.0,-0.002999999999999999
5763,2023-11-29,457.149994,458.320007,454.200012,454.609985,449.920349,63146000,461.0,0.03,452.0,0.03,0.0,0.0,0.0,0.0,0.0
5764,2023-11-30,455.480011,456.76001,453.339996,456.399994,451.691864,79752700,454.0,1.895,457.0,1.8933,2.3999939999999924,0.6000060000000076,-0.0017000000000000348,-1.7999879999999848,-1.7982879999999848
5765,2023-12-01,455.769989,459.649994,455.160004,459.100006,454.364044,89097900,460.0,0.0793,451.0,0.075,0.0,0.0,-0.004299999999999998,0.0,0.004299999999999998
5766,2023-12-04,455.600006,459.119995,454.339996,456.690002,451.978912,72430900,460.0,0.0479,451.0,0.0427,0.0,0.0,-0.005199999999999996,0.0,0.005199999999999996
5767,2023-12-05,455.26001,457.589996,454.869995,456.600006,451.889801,69793500,459.0,0.0814,451.0,0.05,0.0,0.0,-0.0314,0.0,0.0314
5768,2023-12-06,458.809998,458.839996,454.309998,454.76001,450.068817,69124700,462.0,0.075,455.0,0.0639,0.0,0.2399899999999775,-0.011099999999999999,0.2399899999999775,0.2510899999999775
5769,2023-12-07,456.910004,458.899994,456.290009,458.230011,453.503021,66995400,461.0,0.04,452.0,0.0359,0.0,0.0,-0.0040999999999999995,0.0,0.0040999999999999995
5770,2023-12-08,457.459991,460.75,457.209991,460.200012,455.452698,83080900,462.0,0.0601,452.0,0.0536,0.0,0.0,-0.006499999999999999,0.0,0.006499999999999999
5771,2023-12-11,459.690002,462.170013,459.470001,461.98999,457.224182,65002200,464.0,0.02,455.0,0.0257,0.0,0.0,0.0057,0.0,-0.0057
5772,2023-12-12,461.630005,464.200012,460.600006,464.100006,459.312469,68327600,464.0,0.2044,459.0,0.2036,0.10000600000000759,0.0,-0.0007999999999999952,-0.10000600000000759,-0.0992060000000076
5773,2023-12-13,464.48999,470.76001,464.119995,470.5,465.646423,93278000,463.0,2.175,466.0,2.1867,7.5,0.0,0.011700000000000266,-7.5,-7.5117
5774,2023-12-14,472.5,473.730011,469.25,472.01001,467.140839,119026000,475.0,0.305,470.0,0.304,0.0,0.0,-0.0010000000000000009,0.0,0.0010000000000000009
5775,2023-12-15,469.48999,470.700012,467.429993,469.329987,466.371704,141319300,474.0,0.0557,464.0,0.0571,0.0,0.0,0.0013999999999999985,0.0,-0.0013999999999999985
5776,2023-12-18,470.980011,472.980011,469.890015,471.970001,468.995087,70375300,474.0,0.0694,467.0,0.0571,0.0,0.0,-0.012300000000000005,0.0,0.012300000000000005
5777,2023-12-19,472.529999,474.920013,472.450012,474.839996,471.847015,55761800,471.0,1.7611,474.0,1.76,3.839995999999985,0.0,-0.001100000000000101,-3.839995999999985,-3.838895999999985
5778,2023-12-20,473.959991,475.899994,467.820007,468.26001,465.308472,102921000,478.0,0.0276,469.0,0.0367,0.0,0.7399899999999775,0.009100000000000004,0.7399899999999775,0.7308899999999775
5779,2023-12-21,471.329987,472.980011,468.839996,472.700012,469.72049,86667500,476.0,0.0629,466.0,0.0697,0.0,0.0,0.0068000000000000005,0.0,-0.0068000000000000005
5780,2023-12-22,473.859985,475.380005,471.700012,473.649994,470.66449,67126600,478.0,0.1,469.0,0.0822,0.0,0.0,-0.01780000000000001,0.0,0.01780000000000001
5781,2023-12-26,474.070007,476.579987,473.98999,475.649994,472.651886,55387000,476.0,0.21,472.0,0.21,0.0,0.0,0.0,0.0,0.0
5782,2023-12-27,475.440002,476.660004,474.890015,476.51001,473.50647,68000300,475.0,1.0496,476.0,1.0473,1.5100100000000225,0.0,-0.0023000000000001908,-1.5100100000000225,-1.5077100000000223
5783,2023-12-28,476.880005,477.549988,476.26001,476.690002,473.685333,77158100,481.0,0.03,472.0,0.0383,0.0,0.0,0.008300000000000002,0.0,-0.008300000000000002
5784,2023-12-29,476.48999,477.029999,473.299988,475.309998,472.314026,122234100,474.0,2.75,479.0,2.75,1.3099980000000073,3.6900019999999927,0.0,2.3800039999999854,2.3800039999999854
